{"cameraMode":{"drawMode":0,"name":"Shaded","section":"Shading Mode"},"sceneLighting":false,"audioPlay":false,"sceneViewState":{"showFog":true,"showMaterialUpdate":false,"showSkybox":true,"showFlares":true,"showImageEffects":true,"showParticleSystems":true},"in2DMode":false,"pivot":{"x":0.2927670478820801,"y":3.9478776454925539,"z":5.385406970977783},"rotation":{"x":0.04153377562761307,"y":-0.4707995355129242,"z":0.02219328097999096,"w":0.8809825778007507},"size":16.689485549926759,"orthographic":false}