{"cameraMode":{"drawMode":0,"name":"Shaded","section":"Shading Mode"},"sceneLighting":false,"audioPlay":false,"sceneViewState":{"showFog":true,"showMaterialUpdate":false,"showSkybox":true,"showFlares":true,"showImageEffects":true,"showParticleSystems":true},"in2DMode":false,"pivot":{"x":0.0,"y":0.5520998239517212,"z":-0.06171084940433502},"rotation":{"x":-0.08850138634443283,"y":-0.770137369632721,"z":0.10955874621868134,"w":-0.6221357583999634},"size":1.6179087162017823,"orthographic":false}