{"cameraMode":{"drawMode":0,"name":"Shaded","section":"Shading Mode"},"sceneLighting":true,"audioPlay":false,"sceneViewState":{"showFog":true,"showMaterialUpdate":false,"showSkybox":true,"showFlares":true,"showImageEffects":true,"showParticleSystems":true},"in2DMode":false,"pivot":{"x":0.09599010646343231,"y":2.6304991245269777,"z":2.4074466228485109},"rotation":{"x":0.05785144120454788,"y":-0.7022055983543396,"z":0.05743199586868286,"w":0.7072920799255371},"size":13.120508193969727,"orthographic":false}