{"cameraMode":{"drawMode":0,"name":"Shaded","section":"Shading Mode"},"sceneLighting":false,"audioPlay":false,"sceneViewState":{"showFog":true,"showMaterialUpdate":false,"showSkybox":true,"showFlares":true,"showImageEffects":true,"showParticleSystems":true},"in2DMode":false,"pivot":{"x":-0.2644946575164795,"y":2.091989278793335,"z":-9.704999923706055},"rotation":{"x":0.021111389622092248,"y":-0.9770675301551819,"z":0.11662589013576508,"w":0.1768951117992401},"size":14.142507553100586,"orthographic":false}