{"cameraMode":{"drawMode":0,"name":"Shaded","section":"Shading Mode"},"sceneLighting":false,"audioPlay":false,"sceneViewState":{"showFog":true,"showMaterialUpdate":false,"showSkybox":true,"showFlares":true,"showImageEffects":true,"showParticleSystems":true},"in2DMode":false,"pivot":{"x":-0.004311323165893555,"y":0.7101430892944336,"z":-0.04723858833312988},"rotation":{"x":0.07259511947631836,"y":0.9146525859832764,"z":-0.1900787651538849,"w":0.34930020570755007},"size":2.988276958465576,"orthographic":false}