{"cameraMode":{"drawMode":0,"name":"Shaded","section":"Shading Mode"},"sceneLighting":false,"audioPlay":false,"sceneViewState":{"showFog":true,"showMaterialUpdate":false,"showSkybox":true,"showFlares":true,"showImageEffects":true,"showParticleSystems":true},"in2DMode":false,"pivot":{"x":0.41724926233291628,"y":3.7895541191101076,"z":-8.903246879577637},"rotation":{"x":-0.007575300522148609,"y":0.9283241033554077,"z":-0.018939753994345666,"w":-0.3712120056152344},"size":3.1701467037200929,"orthographic":false}