{"cameraMode":{"drawMode":0,"name":"Shaded","section":"Shading Mode"},"sceneLighting":false,"audioPlay":false,"sceneViewState":{"showFog":false,"showMaterialUpdate":false,"showSkybox":false,"showFlares":false,"showImageEffects":false,"showParticleSystems":false},"in2DMode":false,"pivot":{"x":0.37196075916290285,"y":2.370601177215576,"z":6.849966049194336},"rotation":{"x":0.009757978841662407,"y":0.6909562349319458,"z":0.009328494779765606,"w":-0.7227705717086792},"size":15.589150428771973,"orthographic":false}