{"cameraMode":{"drawMode":0,"name":"Shaded","section":"Shading Mode"},"sceneLighting":false,"audioPlay":false,"sceneViewState":{"showFog":false,"showMaterialUpdate":false,"showSkybox":false,"showFlares":false,"showImageEffects":false,"showParticleSystems":false},"in2DMode":false,"pivot":{"x":1.1984912157058716,"y":1.6634893417358399,"z":2.781311511993408},"rotation":{"x":-0.006830837111920118,"y":0.9896935820579529,"z":-0.05051847919821739,"w":-0.1338203400373459},"size":10.765283584594727,"orthographic":false}