{"cameraMode":{"drawMode":0,"name":"Shaded","section":"Shading Mode"},"sceneLighting":false,"audioPlay":false,"sceneViewState":{"showFog":false,"showMaterialUpdate":false,"showSkybox":false,"showFlares":false,"showImageEffects":false,"showParticleSystems":false},"in2DMode":false,"pivot":{"x":9.779885292053223,"y":0.9537608623504639,"z":3.7841663360595705},"rotation":{"x":0.010475598275661469,"y":0.7724770307540894,"z":0.012747042812407017,"w":-0.6348283886909485},"size":-3.428006410598755,"orthographic":false}